partNumber,diagram id,description,supersedes,price
WE49X22294,4,End Cap Rh Wh Lh Wh,WE19M1477,$25.73
WE19M1713,13,Backsplash Graphics Asm,,$69.32
WE4M416,35,Switch Pts,,$12.88
WE19M1481,72,Panel Back,,$31.37
WE4M255,80,Resistor,,$13.60
WE4M404,87,Rotary Switch 3temp Elec,,$16.39
WE4M532,100,Timer,,$48.38
WE16X20393,201,Blower Wheel,,$21.51
WE1X921,204,Strap Motor,,$19.70
WE13M39,205,Motor Support,,$20.12
WE03X29897,213,Belt Drive,WE12X21574,$22.10
WE03X20434,215,Idler Arm,,$47.69
WE03X31620,216,Idler Pulley,WE12X20395,$13.49
WE14X20392,219,Blower Housing Asm,,$29.23
WE20X20412,222,Bottom Cover,,$36.43
WE14X20421,228,Exhaust Duct,,$17.08
WE4M127,230,Thermostat Drum Out,,$11.17
WE13X20394,233,Motor Plate,,$8.98
WR2X9260,239,Screws,WE2M167,$12.95
WE18X25100,300,Lint Filter,WE18M28,$32.18
WE49X22295,305,Inner Door Asm White,WE10X20418,$72.84
WE10X20468,307,Outer Door Wh,,$26.98
WE3M56,313,Top Bearing,WE03X20228,$18.40
WE4M415,380,Door Switch,,$12.53
WE20X20417,401,Cover White,,$34.43
WE20X20406,404,Side Panel White,,$22.93
WE20X20391,408,Chassis Base,,$32.83
WE1M1003,417,Holder Fuse,,$16.18
WE1M1002,418,Fuse Ccmr  30 Amp 120v,,$20.35
WE4M525,419,Term Blk & Grnd Strap,,$8.50
WE20X20396,420,Rear Panel,,$34.18
WE1M1007,430,Cover Fuse Terminal,,$13.02
WE21X20562,503,Drum Asm 6.0 Cu.ft Wh,WE21X20407,$204.57
WE11X29438,504,Diffuser,WE14X20408,$16.56
WE4M160,505,Thermostat Safety Left,,$59.40
WE4M181,506,Thermostat Bias Ctr Inlt,,$29.59
WE4M137,507,Thermostat Hi-limit,,$40.70
WE11X20397,512,Mica Heater & Housing As,,$64.08
WE11M10002,513,Heater Housing,WE11X20400,$15.01
WE11M10001,514,Mica Heater,,$64.18
WE01X20419,603,Handle White,,$9.41
WE17X22217,630,Motor,WE17M66,$72.44
WE1M650,631,Connector Motor,,$9.88
WD21X10261,803,Switch Interlock,WD21X557,$10.07
WE1M300,3102,Bearing Retainer,,$18.52
WE1M462,3106,Sleeve Drum,,$8.97
